folder	id	date	title	words
1_mathematics_dynamics_1664-77	NATP00128	c. 1664 - c. 1665	Mathematical Notebook	35503
1_mathematics_dynamics_1664-77	NATP00296	c. 1665-70	Method of Curves and Infinite Series, and application to the Geometry of Curves	14966
1_mathematics_dynamics_1664-77	NATP00204	31 July 1669	De Analysi per aequationes numero terminorum infinitas	5229
1_mathematics_dynamics_1664-77	NATP00101	October 1666	De Solutione Problematum per Motum	5940
1_mathematics_dynamics_1664-77	NATP00105	c. 1665 - c. 1672	The Lawes of Motion	2194
1_mathematics_dynamics_1664-77	NATP00295	c. 1671	Unpublished Appendix to 'methodus': Problem IX	2612
1_mathematics_dynamics_1664-77	NATP00182	13 June 1676	Copy of a letter from Newton to Henry Oldenburg, dated 13 June 1676	2917
1_mathematics_dynamics_1664-77	NATP00228	18 February 1669/70	Letter from Newton to John Collins, dated 18 February 1669/70	209
1_mathematics_dynamics_1664-77	NATP00233	27 September 1670	Letter from Newton to John Collins, dated 27 September 1670	871
1_mathematics_dynamics_1664-77	NATP00224	19 January 1669/70	Letter from Newton to John Collins, dated 19 January 1669/70	1285
1_mathematics_dynamics_1664-77	NATP00256	20 June 1674	Letter from Newton to John Collins, dated 20 June 1674	809
1_mathematics_dynamics_1664-77	NATP00250	10 December 1672	Letter from Newton to John Collins, dated 10 December 1672	2886
1_mathematics_dynamics_1664-77	NATP00269	5 September 1676	Letter from Newton to John Collins, dated 5 September 1676	667
1_mathematics_dynamics_1664-77	NATP00255	17 September 1673	Letter from Newton to John Collins, dated 17 September 1673	314
1_mathematics_dynamics_1664-77	NATP00234	20 July 1671	Letter from Newton to John Collins, dated 20 July 1671	704
1_mathematics_dynamics_1664-77	NATP00231	16 July 1670	Letter from Newton to John Collins, dated 16 July 1670	472
1_mathematics_dynamics_1664-77	NATP00245	13 July 1672	Letter from Newton to John Collins, dated 13 July 1672	415
1_mathematics_dynamics_1664-77	NATP00254	20 May 1673	Letter from Newton to John Collins, dated 20 May 1673	680
1_mathematics_dynamics_1664-77	NATP00247	30 July 1672	Letter from Newton to John Collins, dated 30 July 1672	182
1_mathematics_dynamics_1664-77	NATP00229	11 July 1670	Letter from Newton to John Collins, dated 11 July 1670	778
1_mathematics_dynamics_1664-77	NATP00241	25 May 1672	Letter from Newton to John Collins, dated 25 May 1672	534
1_mathematics_dynamics_1664-77	NATP00253	9 April 1673	Letter from Newton to John Collins, dated 9 April 1673	1414
1_mathematics_dynamics_1664-77	NATP00257	17 November 1674	Letter from Newton to John Collins, dated 17 November 1674	616
1_mathematics_dynamics_1664-77	NATP00225	6 February 1669/70	Letter from Newton to John Collins, dated 6 February 1669/70	497
2_optics_1665-77	NATP00004	1665-6	'Of Colours'	7339
2_optics_1665-77	NATP00003	6 Feb. 1671/2	Draft of 'A Theory Concerning Light and Colors'	5126
2_optics_1665-77	NATP00002	1675	Hypothesis explaining the properties of light	31564
2_optics_1665-77	NATP00312	10 June 1672	Letter to to Henry Oldenburg for Ignatius-Gaston Pardies, dated 10 June 1672	1999
2_optics_1665-77	NATP00029	15  July 1672	Mr. Newton's Answer to the foregoing Letter [of Ignace Pardies]	1934
2_optics_1665-77	NATP00251	8 March 1672/3	Letter from Newton to Henry Oldenburg, dated 8 March 1672/3	365
2_optics_1665-77	NATP00246	13 July 1672	Letter from Newton to Henry Oldenburg, dated 13 July 1672	566
2_optics_1665-77	NATP00273	18 November 1676	Letter from Newton to Henry Oldenburg, dated 18 November 1676	171
2_optics_1665-77	NATP00242	6 July 1672	Letter from Newton to Henry Oldenburg, 6 July 1672	1295
2_optics_1665-77	NATP00267	15 February 1675/6	Letter from Newton to Henry Oldenburg, dated 15 February 1675/6	1388
2_optics_1665-77	NATP00258	5 December 1674	Letter from Newton to Henry Oldenburg, dated 5 December 1674	253
2_optics_1665-77	NATP00199	13 June 1676	Copy of a letter from Newton to Henry Oldenburg, dated 13 June 1676	251
2_optics_1665-77	NATP00268	26 April 1676	Letter from Newton to Henry Oldenburg, dated 26 April 1676	703
2_optics_1665-77	NATP00270	24 October 1676	Letter from Newton to Henry Oldenburg, dated 24 October 1676	212
2_optics_1665-77	NATP00264	21 December 1675	Letter from Newton to Henry Oldenburg, dated 21 December 1675	1479
2_optics_1665-77	NATP00263	14 December 1675	Letter from Newton to Henry Oldenburg, dated 14 December 1675	591
2_optics_1665-77	NATP00181	13 June 1676 (c. 1700 scribal copy)	Copy of a letter from Newton to Henry Oldenburg, dated 13 June 1676	2952
2_optics_1665-77	NATP00252	3 April 1673	Letter from Newton (probably to Henry Oldenburg), dated 3 April 1673	1498
2_optics_1665-77	NATP00180	24 October 1676	Copy of a Letter from Newton to Henry Oldenburg, dated 24 October 1676	7625
2_optics_1665-77	NATP00265	10 January 1675/6	Letter from Newton to Henry Oldenburg, dated 10 January 1675/6	2231
2_optics_1665-77	NATP00249	21 September 1672	Letter from Newton to Henry Oldenburg, dated 21 September 1672	519
2_optics_1665-77	NATP00244	8 July 1672	Letter from Newton to Henry Oldenburg, dated 8 July 1672	448
2_optics_1665-77	NATP00266	25 January 1675/6	Letter from Newton to Henry Oldenburg, dated 25 January 1675/6	709
2_optics_1665-77	NATP00243	19 June 1672	Letter from Newton to Henry Oldenburg, dated 19 June 1672	340
2_optics_1665-77	NATP00390	13 April 1672	Letter from Newton to Henry Oldenburg, dated 13 April 1672	1126
2_optics_1665-77	NATP00400	28 November 1676	Letter from Newton to Henry Oldenburg, dated 28 November 1676	1317
2_optics_1665-77	NATP00392	21 May 1672	Letter from Newton to Henry Oldenburg, dated 21 May 1672	417
2_optics_1665-77	NATP00399	19 February 1676	Letter from Newton to Henry Oldenburg, dated 19 February 1676	650
2_optics_1665-77	NATP00394	11 July [June] 1672	Letter from Newton to Henry Oldenburg, dated 11 [June] 1672	8193
3_mechanics_1684-87	NATP00089	Late 1684	'De motu corporum in gyrum'	3663
3_mechanics_1684-87	NATP00090	Late 1684	'De motu sphæricorum corporum in fluidis'	4945
3_mechanics_1684-87	NATP00305	c. 1687	De motu Corporum Liber Secundus	19617
